INSERT INTO `ue` (`code`, `libelle`,`code_competence`) VALUES
('BFTA51AU', 'UE 5.1 Réaliser un développement', 'B3FTA1AB'),
('BFTB51AU', 'UE 5.1 Réaliser un développement', 'B3FTA1AB'),
('BFTA52AU', 'UE 5.2 Optimiser des applications', 'B3FTA2AB'),
('BFTB53AU', 'UE 5.3 Administrer des systèmes', 'B3FTA3AB'),
('BFTC54AU', 'UE 5.4 Gérer des données', 'B3FTA4AB'),
('BFTC55AU', 'UE 5.5 Conduire un projet', 'B3FTA5AB'),
('BFTB56AU', 'UE 5.6 Collaborer au sein d\'une équipe', 'B3FTA6AB'),
('BFTA56AU', 'UE 5.6 Collaborer au sein d\'une équipe','B3FTA6AB'),
('BFTC56AU', 'UE 5.6 Collaborer au sein d\'une équipe','B3FTA6AB');

INSERT INTO `competences` (`code`, `libelle`) VALUES
('B3FTA1AB', 'BLCC1 REALISER NIV3'),
('B3FTA2AB', 'BLCC1 OPTIMISER NIV3'),
('B3FTA3AB', 'BLCC1 ADMINISTRER NIV3'),
('B3FTA4AB', 'BLCC1 GERER NIV3'),
('B3FTA5AB', 'BLCC1 CONDUIRE NIV3'),
('B3FTA6AB', 'BLCC1 COLLABORER NIV3');

INSERT INTO `ressources` (`code`, `libelle`) VALUES
('BFTA5R01', 'R5.A04 - Qualité algorithmique'),
('BFTA5R02', 'R5.A05 - Programmation avancée'),
('BFTA5R03', 'R5.A06 - Programmation multimédia'),
('BFTA5R04', 'R5.A07 - Automatisation'),
('BFTA5R05', 'R5.A08 - Qualité de développement'),
('BFTA5R06', 'R5.A09 - Virtualisation avancée'),
('BFTA5R07', 'R5.A10 - Nouvelles bases de données'),
('BFTA5R08', 'R5.A11 - Aide à la décision'),
('BFTA5R09', 'R5.A12 - Modélisations mathématiques'),
('BFTA5R10', 'R5.A13 - Economie durable et numérique'),
('BFTA5R11', 'R5.A14 - Anglais'),
('BFTA5S01', 'S5.A01 - Développement avancé 1'),
('BFTA5S02', 'S5.A01.P - Développement avancé 1'),
('BFTA5S03', 'S5.A02 - Développement avancé 2'),
('BFTA5S04', 'S5.A02.P - Développement avancé 2'),
('BFTA5S05', 'P5.A01 - Démarche Portfolio'),
('BFTB5R01', 'R5.B04 - Programmation système'),
('BFTB5R02', 'R5.B05 - Automatisation'),
('BFTB5R03', 'R5.B06 - Services complexes'),
('BFTB5R04', 'R5.B07 - Virtualisation avancée'),
('BFTB5R05', 'R5.B08 - Continuité de service'),
('BFTB5R06', 'R5.B09 - Cybersécurité'),
('BFTB5R07', 'R5.B10 - Modélisations mathématiques'),
('BFTB5R08', 'R5.B11 - Economie durable et numérique'),
('BFTB5R09', 'R5.B12 - Anglais'),
('BFTB5S01', 'S5.B01 - Evolution d\'infrastructure 1'),
('BFTB5S02', 'S5.B01.P - Evolution d\'infrastructure 1'),
('BFTB5S03', 'S5.B02 - Evolution d\'infrastructure 2'),
('BFTB5S04', 'S5.B02.P - Evolution d\'infrastructure 2'),
('BFTB5S05', 'P5.B01 - Démarche Portfolio'),
('BFTC5R01', 'R5.C04 - Web bases de données'),
('BFTC5R02', 'R5.C05 - Nouvelles bases de données'),
('BFTC5R03', 'R5.C06 - Exploitation bases de données'),
('BFTC5R04', 'R5.C07 - Données massives'),
('BFTC5R05', 'R5.C08 - Techniques d\'intelligence artificielle'),
('BFTC5R06', 'R5.C09 - Statistique inférentielle'),
('BFTC5R07', 'R5.C10 - Economie durable et numérique'),
('BFTC5R08', 'R5.C11 - Optimisation données et systèmes décisionnels'),
('BFTC5R09', 'R5.C12 - Anglais'),
('BFTC5S01', 'S5.C01 - Datamining 1'),
('BFTC5S02', 'S5.C01.P - Datamining 1'),
('BFTC5S03', 'S5.C02 - Datamining 2'),
('BFTC5S04', 'S5.C02.P - Datamining 2'),
('BFTC5S05', 'P5.C01 - Démarche Portfolio'),
('BFTM5R01', 'R5.01 - Initiation au management'),
('BFTM5R02', 'R5.02 - Projet professionnel et personnel'),
('BFTM5R03', 'R5.03 - Communication'),
('BFTM5S01', 'S5.St - Stage');

INSERT INTO `coefficient_ue` (`coefficient`, `code_ue`, `code_ressource`) VALUES
(0.02, 'BFTA51AU', 'BFTA5R01'),
(0.09, 'BFTA51AU', 'BFTA5R02'),
(0.02, 'BFTA51AU', 'BFTA5R03'),
(0.06, 'BFTA51AU', 'BFTA5R04'),
(0.07, 'BFTA51AU', 'BFTA5R05'),
(0.07, 'BFTA51AU', 'BFTA5R06'),
(0.12, 'BFTA51AU', 'BFTA5R07'),
(0.02, 'BFTA51AU', 'BFTA5R10'),
(0.03, 'BFTA51AU', 'BFTA5R11'),
(0.15, 'BFTA51AU', 'BFTA5S02'),
(0.35, 'BFTA51AU', 'BFTA5S04'),
(0.35, 'BFTA51AU', 'BFTM5S01'),
(0.06, 'BFTA52AU', 'BFTA5R01'),
(0.07, 'BFTA52AU', 'BFTA5R02'),
(0.02, 'BFTA52AU', 'BFTA5R03'),
(0.05, 'BFTA52AU', 'BFTA5R05'),
(0.02, 'BFTA52AU', 'BFTA5R06'),
(0.4, 'BFTA52AU', 'BFTA5R07'),
(0.07, 'BFTA52AU', 'BFTA5R08'),
(0.13, 'BFTA52AU', 'BFTA5R09'),
(0.04, 'BFTA52AU', 'BFTA5R11'),
(0.15, 'BFTA52AU', 'BFTA5S02'),
(0.35, 'BFTA52AU', 'BFTA5S04'),
(0.35, 'BFTA52AU', 'BFTM5S01'),
(0.02, 'BFTA56AU', 'BFTA5R03'),
(0.02, 'BFTA56AU', 'BFTA5R04'),
(0.05, 'BFTA56AU', 'BFTA5R10'),
(0.13, 'BFTA56AU', 'BFTA5R11'),
(0.15, 'BFTA56AU', 'BFTA5S02'),
(0.35, 'BFTA56AU', 'BFTA5S04'),
(0.09, 'BFTA56AU', 'BFTM5R01'),
(0.06, 'BFTA56AU', 'BFTM5R02'),
(0.13, 'BFTA56AU', 'BFTM5R03'),
(0.35, 'BFTA56AU', 'BFTM5S01'),
(0.1, 'BFTB51AU', 'BFTB5R01'),
(0.12, 'BFTB51AU', 'BFTB5R02'),
(0.1, 'BFTB51AU', 'BFTB5R03'),
(0.1, 'BFTB51AU', 'BFTB5R04'),
(0.08, 'BFTB51AU', 'BFTB5R09'),
(0.15, 'BFTB51AU', 'BFTB5S02'),
(0.35, 'BFTB51AU', 'BFTB5S04'),
(0.35, 'BFTB51AU', 'BFTM5S01'),
(0.02, 'BFTB53AU', 'BFTB5R01'),
(0.1, 'BFTB53AU', 'BFTB5R03'),
(0.04, 'BFTB53AU', 'BFTB5R04'),
(0.13, 'BFTB53AU', 'BFTB5R05'),
(0.1, 'BFTB53AU', 'BFTB5R06'),
(0.07, 'BFTB53AU', 'BFTB5R07'),
(0.02, 'BFTB53AU', 'BFTB5R08'),
(0.02, 'BFTB53AU', 'BFTB5R09'),
(0.15, 'BFTB53AU', 'BFTB5S02'),
(0.35, 'BFTB53AU', 'BFTB5S04'),
(0.35, 'BFTB53AU', 'BFTM5S01'),
(0.02, 'BFTB56AU', 'BFTB5R02'),
(0.06, 'BFTB56AU', 'BFTB5R08'),
(0.12, 'BFTB56AU', 'BFTB5R09'),
(0.15, 'BFTB56AU', 'BFTB5S02'),
(0.35, 'BFTB56AU', 'BFTB5S04'),
(0.08, 'BFTB56AU', 'BFTM5R01'),
(0.06, 'BFTB56AU', 'BFTM5R02'),
(0.16, 'BFTB56AU', 'BFTM5R03'),
(0.35, 'BFTB56AU', 'BFTM5S01'),
(0.04, 'BFTC54AU', 'BFTC5R01'),
(0.09, 'BFTC54AU', 'BFTC5R02'),
(0.07, 'BFTC54AU', 'BFTC5R03'),
(0.06, 'BFTC54AU', 'BFTC5R04'),
(0.13, 'BFTC54AU', 'BFTC5R05'),
(0.07, 'BFTC54AU', 'BFTC5R06'),
(0.02, 'BFTC54AU', 'BFTC5R08'),
(0.02, 'BFTC54AU', 'BFTC5R09'),
(0.15, 'BFTC54AU', 'BFTC5S02'),
(0.35, 'BFTC54AU', 'BFTC5S04'),
(0.35, 'BFTC54AU', 'BFTM5S01'),
(0.04, 'BFTC55AU', 'BFTC5R01'),
(0.12, 'BFTC55AU', 'BFTC5R02'),
(0.26, 'BFTC55AU', 'BFTC5R08'),
(0.08, 'BFTC55AU', 'BFTC5R09'),
(0.15, 'BFTC55AU', 'BFTC5S02'),
(0.35, 'BFTC55AU', 'BFTC5S04'),
(0.35, 'BFTC55AU', 'BFTM5S01'),
(0.07, 'BFTC56AU', 'BFTC5R07'),
(0.04, 'BFTC56AU', 'BFTC5R08'),
(0.1, 'BFTC56AU', 'BFTC5R09'),
(0.15, 'BFTC56AU', 'BFTC5S02'),
(0.35, 'BFTC56AU', 'BFTC5S04'),
(0.08, 'BFTC56AU', 'BFTM5R01'),
(0.06, 'BFTC56AU', 'BFTM5R02'),
(0.15, 'BFTC56AU', 'BFTM5R03'),
(0.35, 'BFTC56AU', 'BFTM5S01');

insert into `semestres` (`id`, `libelle`) values 
(5,'Semestre 5')

INSERT INTO `groupes` (`id`, `libelle`, `id_semestre`, `annee`, `parcours`) VALUES
('inS5_A', 'A', 5, '2023', 'RAPP'),
('inS5_B', 'B', 5, '2023', 'RAPP'),
('inS5_C', 'C', 5, '2023', 'DACS'),
('inS5_D', 'D', 5, '2023', 'AGED');

INSERT INTO `ressource_groupe` (`id_groupe`, `code_ressource`) VALUES
('inS5_A', 'BFTA5R01'),
('inS5_A', 'BFTA5R02'),
('inS5_A', 'BFTA5R03'),
('inS5_A', 'BFTA5R04'),
('inS5_A', 'BFTA5R05'),
('inS5_A', 'BFTA5R06'),
('inS5_A', 'BFTA5R07'),
('inS5_A', 'BFTA5R08'),
('inS5_A', 'BFTA5R09'),
('inS5_A', 'BFTA5R10'),
('inS5_A', 'BFTA5R11'),
('inS5_A', 'BFTA5S01'),
('inS5_A', 'BFTA5S02'),
('inS5_A', 'BFTA5S03'),
('inS5_A', 'BFTA5S04'),
('inS5_A', 'BFTA5S05'),
('inS5_C', 'BFTB5R01'),
('inS5_C', 'BFTB5R02'),
('inS5_C', 'BFTB5R03'),
('inS5_C', 'BFTB5R04'),
('inS5_C', 'BFTB5R05'),
('inS5_C', 'BFTB5R06'),
('inS5_C', 'BFTB5R07'),
('inS5_C', 'BFTB5R08'),
('inS5_C', 'BFTB5R09'),
('inS5_C', 'BFTB5S01'),
('inS5_C', 'BFTB5S02'),
('inS5_C', 'BFTB5S03'),
('inS5_C', 'BFTB5S04'),
('inS5_C', 'BFTB5S05'),
('inS5_D', 'BFTC5R01'),
('inS5_D', 'BFTC5R02'),
('inS5_D', 'BFTC5R03'),
('inS5_D', 'BFTC5R04'),
('inS5_D', 'BFTC5R05'),
('inS5_D', 'BFTC5R06'),
('inS5_D', 'BFTC5R07'),
('inS5_D', 'BFTC5R08'),
('inS5_D', 'BFTC5R09'),
('inS5_D', 'BFTC5S01'),
('inS5_D', 'BFTC5S02'),
('inS5_D', 'BFTC5S03'),
('inS5_D', 'BFTC5S04'),
('inS5_D', 'BFTC5S05'),
('inS5_A', 'BFTM5R01'),
('inS5_C', 'BFTM5R01'),
('inS5_D', 'BFTM5R01'),
('inS5_A', 'BFTM5R02'),
('inS5_C', 'BFTM5R02'),
('inS5_D', 'BFTM5R02'),
('inS5_A', 'BFTM5R03'),
('inS5_C', 'BFTM5R03'),
('inS5_D', 'BFTM5R03'),
('inS5_A', 'BFTM5S01'),
('inS5_C', 'BFTM5S01'),
('inS5_D', 'BFTM5S01');

INSERT INTO `evaluations` (`id`, `libelle`, `coefficient`, `type`, `code_ressource`) VALUES
(572, 'R5.C04-1 WEB BD', 0.60, 'QCM', 'BFTC5R01'),
(573, 'R5.C04-2 WEB BD', 0.40, 'Projet', 'BFTC5R01'),
(574, 'R5.C05-1 NOUVELLES BD', 0.60, 'Ecrit', 'BFTC5R02'),
(575, 'R5.C05-2 NOUVELLES BD', 0.40, 'Travaux Pratiques', 'BFTC5R02'),
(576, 'R5.C06-1 EXPLOITATION BD', 0.50, 'Ecrit', 'BFTC5R03'),
(577, 'R5.C06-2 EXPLOITATION BD', 0.50, 'Ecrit', 'BFTC5R03'),
(578, 'R5.C07-1 DONNÉES MASSIVES', 1.00, 'Ecrit', 'BFTC5R04'),
(579, 'R5.C08-1 TECHNIQUES D\'IA', 0.50, 'Ecrit', 'BFTC5R05'),
(580, 'R5.C08-2 TECHNIQUES D\'IA', 0.50, 'Ecrit', 'BFTC5R05'),
(581, 'R5.C09-1 STAT INFÉRENTIELLE', 0.50, 'Ecrit', 'BFTC5R06'),
(582, 'R5.C09-2 STAT INFÉRENTIELLE', 0.50, 'Ecrit', 'BFTC5R06'),
(583, 'R5.C10-1 ECO DURABLE ET NUM', 1.00, 'Ecrit', 'BFTC5R07'),
(584, 'R5.C11-1 OPTIMIS DONNÉES SI', 1.00, 'Ecrit', 'BFTC5R08'),
(585, 'R5.C12-1 ANGLAIS', 0.50, 'Ecrit', 'BFTC5R09'),
(586, 'R5.C12-2 ANGLAIS', 0.50, 'oral', 'BFTC5R09'),
(587, 'R5.01-1 INIT. MANAGEMENT', 1.00, 'Ecrit', 'BFTM5R01'),
(591, 'S5.C01P-1 DATAMINING 1', 1.00, 'Projet', 'BFTC5S02'),
(592, 'S5.C02P-1 DATAMINING 2', 1.00, 'Projet', 'BFTC5S04'),
(594, 'R5.B04-1 PROG. SYSTÈME', 0.50, 'Écrit', 'BFTB5R01'),
(595, 'R5.B04-2 PROG. SYSTÈME', 0.50, 'TP', 'BFTB5R01'),
(596, 'R5.B05-1 AUTOMATISATION', 1.00, 'QCM', 'BFTB5R02'),
(597, 'R5.B06-1 SERVICES COMPLEXES', 0.50, 'Ecrit', 'BFTB5R03'),
(598, 'R5.B06-2 SERVICES COMPLEXES', 0.50, 'Travaux Pratiques', 'BFTB5R03'),
(599, 'R5.B07-1 VIRTUALIS. AVANCÉE', 0.60, 'Ecrit', 'BFTB5R04'),
(600, 'R5.B07-2 VIRTUALIS. AVANCÉE', 0.40, 'Travaux Pratiques', 'BFTB5R04'),
(601, 'R5.B08-1 CONTINUITÉ SERVICE', 0.60, 'Écrit', 'BFTB5R05'),
(602, 'R5.B08-2 CONTINUITÉ SERVICE', 0.40, 'TP', 'BFTB5R05'),
(603, 'R5.B09-1 CYBERSÉCURITÉ', 0.50, 'Ecrit', 'BFTB5R06'),
(604, 'R5.B09-2 CYBERSÉCURITÉ', 0.50, 'Travaux pratiques', 'BFTB5R06'),
(605, 'R5.B10-1 MODÉLISATIONS MATH', 0.50, 'MEM', 'BFTB5R07'),
(606, 'R5.B10-2 MODÉLISATIONS MATH', 0.50, 'SOU', 'BFTB5R07'),
(607, 'R5.B11-1 ECO DURABLE ET NUM', 1.00, 'Ecrit', 'BFTB5R08'),
(608, 'R5.B12-1 ANGLAIS', 0.50, 'Ecrit', 'BFTB5R09'),
(609, 'R5.B12-2 ANGLAIS', 0.50, 'oral', 'BFTB5R09'),
(614, 'S5.B01P-1 EVO INFRASTRUCT 1', 1.00, 'Projet', 'BFTB5S02'),
(615, 'S5.B02P-1 EVO INFRASTRUCT 2', 1.00, 'Projet', 'BFTB5S04'),
(617, 'R5.A04-1 QUALITÉ ALGO', 1.00, 'Ecrit', 'BFTA5R01'),
(618, 'R5.A05-1 PROG. AVANCÉE', 0.50, 'Travaux Pratiques', 'BFTA5R02'),
(619, 'R5.A05-2 PROG. AVANCÉE', 0.50, 'Travaux Pratiques', 'BFTA5R02'),
(620, 'R5.A06-1 PROG. MULTIMÉDIA', 1.00, 'Travaux pratiques', 'BFTA5R03'),
(621, 'R5.A07-1 AUTOMATISATION', 1.00, 'QCM', 'BFTA5R04'),
(622, 'R5.A08-1 QUALITÉ DÉVELOP.', 0.50, 'Travaux pratiques', 'BFTA5R05'),
(623, 'R5.A08-2 QUALITÉ DÉVELOP.', 0.50, 'Travaux Pratiques', 'BFTA5R05'),
(624, 'R5.A09-1 VIRTUALIS. AVANCÉE', 0.60, 'Ecrit', 'BFTA5R06'),
(625, 'R5.A09-2 VIRTUALIS. AVANCÉE', 0.40, 'Travaux Pratiques', 'BFTA5R06'),
(626, 'R5.A10-1 NOUVELLES BD', 0.60, 'Ecrit', 'BFTA5R07'),
(627, 'R5.A10-2 NOUVELLES BD', 0.40, 'Travaux Pratiques', 'BFTA5R07'),
(628, 'R5.A11-1 AIDE À LA DÉCISION', 1.00, 'ECR', 'BFTA5R08'),
(629, 'R5.A12-1 MODÉLISATIONS MATH', 0.50, 'MEM', 'BFTA5R09'),
(630, 'R5.A12-2 MODÉLISATIONS MATH', 0.50, 'SOU', 'BFTA5R09'),
(631, 'R5.A13-1 ECO DURABLE ET NUM', 1.00, 'Ecrit', 'BFTA5R10'),
(632, 'R5.A14-1 ANGLAIS', 0.50, 'Ecrit', 'BFTA5R11'),
(633, 'R5.A14-2 ANGLAIS', 0.50, 'oral', 'BFTA5R11'),
(635, 'R5.02-1 PPP', 1.00, 'Oral', 'BFTM5R02'),
(636, 'R5.03-1 COMMUNICATION', 0.50, 'Oral', 'BFTM5R03'),
(637, 'R5.03-2 COMMUNICATION', 0.50, 'Ecrit', 'BFTM5R03'),
(638, 'S5.A01P-1 DÉV. AVANCÉ 1', 1.00, 'Projet', 'BFTA5S02'),
(639, 'S5.A02P-1 DÉV. AVANCÉ 2', 1.00, 'Projet', 'BFTA5S04'),
(640, 'S5.St-1 STAGE', 1.00, 'Compte-rendu', 'BFTM5S01');

INSERT INTO `users` (`code`, `password`, `email`, `nom`, `prenom`) VALUES
('eleveA', '$2y$10$YILAhVYgKYsbkBL85lXRVuvCpJXR8uNiBXm/x.sfNJnaC1V8OlVO2', 'eleveA@eleveA.com', 'nomEleveA', 'prenomEleveA'),
('eleveA2', '$2y$10$Xvf70heYuqEzjwGn8J3UgOCLEa2qwQ9k0AVvSh4BWJeqnJxbEpYky', 'eleveA2@eleveA2.com', 'nomEleveA2', 'prenomEleveA2'),
('eleveB', '$2y$10$Y8Cuv9nj4b.EOAXBL3.Ebu57pr.3lqxAD0nLKTLMeWuZ5bS1cx.O6', 'eleveB@eleveB.com', 'nomEleveB', 'prenomEleveB'),
('eleveB2', '$2y$10$g3U/ZULK2H1hshzYRUXxgu0rwmTw2dZ2j4/5.basr35ccXVm03U9a', 'eleveB2@eleveB2.com', 'nomEleveB2', 'prenomEleveB2'),
('eleveC', '$2y$10$d9q6GMBb3UrHM4E5geICU.Lj8GgIJxFdR3HwQniCuSalvgilOMnee', 'eleveC@eleveC.com', 'nomEleveC', 'prenomEleveC'),
('eleveC2', '$2y$10$pj87VY1ZGYGIl8kofArDDu5YCbezLLsaWk9Y9OzPxIdk.CCfcRPKS', 'eleveC2@eleveC2.com', 'nomEleveC2', 'prenomEleveC2'),
('prof', '$2y$10$LfUOcWfH4ksrKldYzxDO7.I6ErAdS5Be1H81ztoxRjuGBbBsdlMNq', 'prof@prof.com', 'nomProf', 'prenomProf'),
('admin', '$2y$10$tm.HpxKJvYLAMwy.XdiYhejJCj/lEn3f/qM/QDySOQgKk/8i4osMi', 'admin@admin.com', 'nomAdmin', 'prenomAdmin');

INSERT INTO `professeurs` (`code`, `isProf`) VALUES ('prof', '1');

INSERT INTO `admins` (`code`, `isAdmin`) VALUES
('admin', 1);

INSERT INTO `eleves` (`code`,`identification`, `id_groupe`) VALUES
('eleveA', 'eleveA','inS5_A'),
('eleveA2', 'eleveA2','inS5_A'),
('eleveB', 'eleveB','inS5_B'),
('eleveB2', 'eleveB2','inS5_B'),
('eleveC', 'eleveC','inS5_B'),
('eleveC2', 'eleveC2','inS5_B');

INSERT INTO `note_evaluation` (`note`, `id_evaluation`, `code_eleve`) VALUES
('19', 587, 'eleveA'),
('1.5', 587, 'eleveA2'),
('4.5', 587, 'eleveB'),
('12', 617, 'eleveA'),
('15', 617, 'eleveA2'),
('4', 621, 'eleveA'),
('15', 622, 'eleveA');